model,stats,phred_mean_correct,phred_mean_error
model3,mean,7.816028104185121,6.472957365400889
model3,med,7.938321187402179,6.478588619953681
model3,iqr,1.0519090413207852,0.7619266685510278
model3,whishi,9.443699731903486,7.8
model3,whislo,5.877109826589596,4.996527777777778
model3,q1,7.330662733803731,6.045825058658902
model3,q3,8.382571775124516,6.80775172720993
