model,stats,match_rate,mismatch_rate,insertion_rate,deletion_rate
model3,mean,0.8808471499399025,0.03224145777651408,0.03084467282981086,0.05520011593698413
model3,med,0.9018811970061038,0.024185728018417757,0.02683570049503564,0.04371469147791945
model3,iqr,0.06124034368447695,0.022145903683993613,0.01572762449152247,0.023291563249072035
model3,whishi,0.9633375474083439,0.06979655712050079,0.054773082942097026,0.08917151162790697
model3,whislo,0.7758430681066785,0.0037926675094816687,0.006188466947960619,0.011967090501121914
model3,q1,0.8635291268923235,0.017978650326037925,0.02058447888289034,0.032233159160665506
model3,q3,0.9247694705768005,0.04012455401003154,0.03631210337441281,0.05552472240973754
