model,stats,total_homo_error_rate,A_homo_error_rate,C_homo_error_rate,G_homo_error_rate,T_homo_error_rate
model3,mean,0.16843488327974807,0.13992027312984537,0.18971865578504465,0.21497417721382236,0.17460883989879053
model3,med,0.15719637154788224,0.11817440912795436,0.16030534351145037,0.1935483870967742,0.1644350111178492
model3,iqr,0.06447687842049252,0.07475095575039259,0.1542920761670762,0.1278706800445931,0.09442694845010316
model3,whishi,0.282950423216445,0.23809523809523808,0.36,0.4,0.3
model3,whislo,0.047619047619047616,0.0,0.0,0.0,0.0
model3,q1,0.12565559440559443,0.08476939308681672,0.09232954545454546,0.13333333333333333,0.11515191199580932
model3,q3,0.19013247282608695,0.1595203488372093,0.24662162162162163,0.2612040133779264,0.20957886044591248
