model,stats,match_rate,mismatch_rate,insertion_rate,deletion_rate
model2,mean,0.8855121346987161,0.027638052392699362,0.027268361355848682,0.058628783326496466
model2,med,0.9050298373987216,0.02437339238907165,0.024798319331462274,0.0419703783598017
model2,iqr,0.06363466373407967,0.016784297434320517,0.011655087519811699,0.029011206023462247
model2,whishi,0.9572182066809923,0.054960248876598686,0.04712041884816754,0.10002829654782117
model2,whislo,0.7718533108234853,0.0,0.005376344086021506,0.011967090501121914
model2,q1,0.866785590428299,0.01565249659118303,0.01868393936841014,0.03104237957574837
model2,q3,0.9304202541623786,0.03243679402550355,0.030339026888221838,0.06005358559921062
