model,stats,total_homo_error_rate,A_homo_error_rate,C_homo_error_rate,G_homo_error_rate,T_homo_error_rate
model2,mean,0.17761192124307745,0.15329093545949346,0.1452222474108558,0.20484425390601396,0.17739933135490005
model2,med,0.1554613281623855,0.13639494833524685,0.12923076923076923,0.19172932330827067,0.1688090286653908
model2,iqr,0.05684869007415133,0.08091136529319974,0.13548387096774195,0.11463880014199504,0.07545118216527144
model2,whishi,0.26582278481012656,0.28488372093023256,0.38095238095238093,0.4090909090909091,0.3
model2,whislo,0.06666666666666667,0.0,0.0,0.0,0.06349206349206349
model2,q1,0.12914334911752046,0.09886363636363636,0.06451612903225806,0.13536119985800496,0.1314453695588665
model2,q3,0.1859920391916718,0.1797750016568361,0.2,0.25,0.20689655172413793
