model,fraction,match_rate,phred_mean
model2,1.0,0.8855121346987161,5.8991510768747055
model2,0.8888888888888888,0.8938200747878696,6.912393162393163
model2,0.7777777777777778,0.8954356165130191,7.398905831684321
model2,0.6666666666666666,0.9004180628964902,7.599082778017077
model2,0.5555555555555556,0.8987890069493024,7.766673302807088
model2,0.4444444444444444,0.9006906476525316,7.896606830936188
model2,0.3333333333333333,0.8925001065847727,8.131781218669934
model2,0.2222222222222222,0.8855903560053985,8.463235294117647
model2,0.1111111111111111,0.8677248232189981,8.8116036505867
