model,stats,phred_mean_correct,phred_mean_error
model2,mean,7.90276610981482,6.515535420122774
model2,med,7.889861096919125,6.448025847155796
model2,iqr,0.8574658673872211,0.5923958762189203
model2,whishi,9.55919395465995,7.571428571428571
model2,whislo,6.316416853534758,5.428571428571429
model2,q1,7.514718833330436,6.1966677498968
model2,q3,8.372184700717657,6.789063626115721
