model,stats,total_homo_error_rate,A_homo_error_rate,C_homo_error_rate,G_homo_error_rate,T_homo_error_rate
model1,mean,0.15442721208428165,0.14300370184435915,0.1365083341570388,0.17884713549088863,0.16198589411045522
model1,med,0.14391143911439114,0.13531962736909733,0.12464689265536724,0.1859090909090909,0.15680040208032867
model1,iqr,0.04755837977061533,0.07498849979773256,0.13333333333333336,0.08159850434160712,0.07588806836413173
model1,whishi,0.22826086956521738,0.2608695652173913,0.28,0.3181818181818182,0.2647814910025707
model1,whislo,0.05555555555555555,0.0,0.0,0.058823529411764705,0.0
model1,q1,0.12178163693782243,0.10107205442737863,0.06666666666666667,0.12920168067226892,0.10662306558585113
model1,q3,0.16934001670843776,0.1760605542251112,0.2,0.21080018501387604,0.18251113394998286
