model,stats,phred_mean_correct,phred_mean_error
model1,mean,7.900607336814943,6.551517155072363
model1,med,7.9597056762438685,6.446208112874779
model1,iqr,0.8081022577365715,0.7139472421793549
model1,whishi,9.268842729970329,7.674220963172805
model1,whislo,6.440880195599022,5.115267175572519
model1,q1,7.536315603410824,6.165058644020776
model1,q3,8.344417861147395,6.879005886200131
