model,stats,match_rate,mismatch_rate,insertion_rate,deletion_rate
model1,mean,0.8896941099164848,0.027605267619809196,0.03040521650189973,0.05151508795391912
model1,med,0.9062015503875969,0.022991317108964168,0.025732250341232017,0.040534454286143225
model1,iqr,0.055377540536793224,0.014992269167352665,0.0126529307034553,0.026344720260888674
model1,whishi,0.9617797695262484,0.054960248876598686,0.05221657329749684,0.09096664231799367
model1,whislo,0.793535749265426,0.0,0.005376344086021506,0.015492957746478873
model1,q1,0.8668887646007523,0.018163253986325924,0.02130453852257662,0.03138216514510671
model1,q3,0.9222663051375455,0.03315552315367859,0.03395746922603192,0.05772688540599538
